{"stats":{"minecraft:crafted":{"minecraft:brick":10,"minecraft:black_dye":8,"colouredstuff:slab_planks_white":516,"minecraft:smooth_stone":1,"sf5_things:rgb_dye":105,"immersiveengineering:hammer":1,"thermal:iron_plate":4,"mysticalagriculture:mystical_fertilizer":4,"thermal:onion_seeds":1,"mcwbridges:balustrade_cobblestone_bridge":7,"colored_torches:white_torch":52,"colouredstuff:planks_brown":707,"colouredstuff:fence_planks_green":66,"colouredstuff:crafting_table_none":1,"minecraft:stone":434,"exnihilosequentia:unfired_crucible":1,"forbiddensmoothies:printer":1,"minecraft:bookshelf":1,"thermal:machine_frame":1,"exnihilosequentia:stone_barrel":1,"minecraft:green_dye":12,"colouredstuff:planks_gray":72,"exnihilocoloratus:brown_crucible":3,"mysticalagriculture:prosperity_seed_base":3,"minecraft:glass":24,"colored_torches:brown_torch":4,"minecraft:repeater":2,"colouredstuff:planks_magenta":16,"minecraft:raw_copper":11,"mysticalagriculture:inferium_watering_can":1,"colouredstuff:crafting_table_brown":2,"minecraft:copper_block":1,"colouredstuff:planks_none":20,"tintedcampfires:white_campfire":3,"minecraft:magenta_dye":2,"create:cogwheel":3,"sophisticatedbackpacks:backpack":1,"checklist:task_table":2,"colouredstuff:planks_light_blue":16,"constructionwand:iron_wand":1,"exnihilosequentia:fired_crucible":1,"minecraft:copper_ingot":11,"craftingstation:crafting_station":4,"rechiseled:chisel":1,"create:encased_fan":1,"thermal:tin_gear":1,"minecraft:yellow_dye":7,"minecraft:book":4,"minecraft:paper":12,"minecraft:purple_dye":2,"minecraft:charcoal":104,"exnihilosequentia:stone_hammer":1,"create:water_wheel":1,"colouredstuff:trapdoor_planks_gray":14,"cyclic:generator_fuel":1,"minecraft:stone_slab":12,"minecraft:light_blue_dye":11,"minecraft:iron_ingot":46,"colouredstuff:stairs_planks_white":11,"silentgear:paxel_head":1,"colouredstuff:slab_planks_brown":854,"mysticalagriculture:black_crop_seeds":2,"minecraft:gold_ingot":8,"woodenbucket:wooden_bucket":11,"create:large_cogwheel":2,"minecraft:light_gray_dye":58,"create:propeller":1,"mysticalagriculture:master_infusion_crystal":1,"colouredstuff:trapdoor_planks_brown":22,"thermal:tin_ingot":4,"cyclic:hopper":7,"colouredstuff:planks_red":40,"toolbelt:belt":1,"minecraft:raw_iron":31,"minecraft:redstone":10,"exnihilosequentia:grass_seeds":21,"minecraft:iron_nugget":19,"minecraft:pointed_dripstone":12,"exnihilosequentia:porcelain_clay":7,"colouredstuff:planks_blue":16,"colouredstuff:planks_white":195,"checklist:task_book":2,"minecraft:furnace":3,"colouredstuff:planks_purple":32,"mysticalagriculture:prosperity_ingot":4,"minecraft:piston":2,"minecraft:sugar_cane":1,"minecraft:gray_dye":14,"minecraft:bone_meal":25,"minecraft:pink_dye":2,"colouredstuff:crafting_table_white":1,"minecraft:quartz":2,"mysticalagriculture:inferium_ingot":4,"minecraft:flint_and_steel":1,"exnihilocoloratus:brown_barrel":8,"minecraft:diamond":10,"colouredstuff:planks_lime":24,"colouredstuff:stairs_planks_brown":20,"minecraft:lime_dye":2,"cyclic:hopper_fluid":2,"minecraft:clay_ball":10,"colouredstuff:planks_yellow":16,"colouredstuff:planks_orange":16,"colouredstuff:planks_cyan":16,"sophisticatedbackpacks:iron_backpack":1,"minecraft:dripstone_block":9,"minecraft:red_dye":16,"mysticalagriculture:inferium_seeds":4,"create:andesite_alloy":11,"minecraft:cyan_dye":2,"colouredstuff:planks_pink":16,"minecraft:amethyst_shard":2,"colouredstuff:planks_green":108,"eccentrictome:tome":1,"create:large_water_wheel":1,"sophisticatedbackpacks:gold_backpack":1,"minecraft:bucket":1,"minecraft:orange_dye":49,"minecraft:air":1103,"thermal:copper_nugget":9,"minecraft:blue_dye":43,"sophisticatedstorage:chest":49,"minecraft:white_wool":3,"silentgear:katana_blade":1,"minecraft:cobblestone":40,"minecraft:white_dye":32,"thermal:eggplant_seeds":1,"minecraft:raw_gold":5,"colouredstuff:gate_planks_green":4,"thermal:raw_tin":4,"minecraft:stonecutter":1,"colouredstuff:planks_light_gray":20,"minecraft:white_bed":1,"create:shaft":8,"minecraft:andesite":22,"minecraft:soul_sand":2},"minecraft:killed_by":{"minecraft:cow":4,"minecraft:bee":3},"minecraft:mined":{"colouredstuff:planks_white":5,"colouredstuff:sapling_white":6,"minecraft:white_bed":2,"minecraft:farmland":1,"colouredstuff:log_light_blue":7,"create:andesite_casing":2,"colouredstuff:log_pink":22,"colouredstuff:leaves_red":1299,"colouredstuff:log_magenta":53,"sf5_things:block_of_blue_dye":6,"colouredstuff:leaves_cyan":551,"exnihilocoloratus:brown_crucible":4,"minecraft:grass_block":1,"occultism:datura":2,"colored_torches:wall_white_torch":1,"colouredstuff:fence_planks_green":1,"colouredstuff:leaves_green":656,"colouredstuff:leaves_orange":494,"colouredstuff:log_lime":94,"colouredstuff:log_red":79,"minecraft:fire":53,"mysticalagriculture:none_crop_crop":2,"checklist:task_table":3,"colouredstuff:sapling_red":1,"colouredstuff:log_none":54,"sophisticatedstorage:chest":13,"thermal:eggplant":1,"exnihilocoloratus:green_barrel":2,"colored_torches:brown_torch":1,"colouredstuff:leaves_blue":431,"colouredstuff:log_green":108,"minecraft:blue_orchid":1,"colouredstuff:log_white":88,"minecraft:tripwire":3,"cyclic:hopper":2,"colouredstuff:leaves_lime":736,"create:cogwheel":4,"sf5_things:block_of_red_dye":9,"minecraft:soul_fire":3,"mysticalagriculture:blue_crop_crop":1,"sf5_things:block_of_purple_dye":4,"colouredstuff:trapdoor_planks_gray":3,"colouredstuff:log_stripped_red":6,"minecraft:clay":1,"mysticalagriculture:inferium_crop":2,"colored_torches:white_torch":5,"minecraft:oxidized_copper":1,"colouredstuff:stairs_planks_brown":37,"colouredstuff:planks_light_gray":1,"colouredstuff:log_blue":44,"tintedcampfires:white_campfire":3,"minecraft:cobblestone":234,"colouredstuff:leaves_white":590,"colouredstuff:leaves_light_gray":108,"minecraft:sugar_cane":11,"colouredstuff:sapling_none":1,"create:large_water_wheel":1,"minecraft:seagrass":6,"colouredstuff:stairs_planks_white":3,"minecraft:wheat":24,"minecraft:orange_tulip":1,"colouredstuff:slab_planks_purple":265,"minecraft:grass":46,"exnihilocoloratus:brown_barrel":7,"minecraft:beetroots":4,"minecraft:sand":68,"minecraft:dirt":6,"colouredstuff:log_yellow":12,"colouredstuff:dirt_green":1,"exnihilosequentia:infested_leaves":48,"colouredstuff:leaves_brown":3629,"sf5_things:colorless_leaves":57,"create:large_cogwheel":2,"colouredstuff:planks_brown":122,"colouredstuff:log_stripped_green":5,"colouredstuff:leaves_pink":338,"create:encased_fan":3,"mcwbridges:balustrade_cobblestone_bridge":6,"colouredstuff:log_light_gray":12,"colouredstuff:log_stripped_yellow":5,"obtrophies:trophy":1,"colouredstuff:slab_planks_brown":74,"create:shaft":1,"immersiveengineering:hemp":4,"colouredstuff:log_gray":33,"colouredstuff:sapling_brown":13,"thermal:onion":1,"colouredstuff:leaves_magenta":242,"minecraft:vine":71,"colouredstuff:leaves_none":416,"colouredstuff:leaves_yellow":168,"colouredstuff:leaves_light_blue":55,"colouredstuff:sapling_gray":1,"mysticalagriculture:black_crop_crop":3,"colouredstuff:sapling_light_blue":1,"minecraft:stone":4,"colouredstuff:log_cyan":61,"sf5_things:block_of_green_dye":7,"colouredstuff:log_stripped_brown":47,"colouredstuff:log_purple":42,"sf5_things:block_of_white_dye":10,"minecraft:soul_sand":3,"minecraft:lily_of_the_valley":1,"colouredstuff:sapling_green":10,"colouredstuff:leaves_purple":366,"colouredstuff:planks_green":8,"colouredstuff:planks_lime":12,"colouredstuff:crafting_table_green":1,"exnihilosequentia:stone_barrel":2,"colouredstuff:leaves_gray":268,"colouredstuff:trapdoor_planks_white":1,"minecraft:stone_slab":2,"minecraft:tall_grass":10,"colouredstuff:log_stripped_orange":12,"craftingstation:crafting_station":4,"colouredstuff:log_brown":398,"colouredstuff:log_orange":45,"create:water_wheel_structure":1,"colouredstuff:trapdoor_planks_brown":11,"chipped:etched_stone_bricks":129,"colouredstuff:sapling_blue":2,"minecraft:bee_nest":3,"sf5_things:block_of_light_gray_dye":8,"colouredstuff:sapling_orange":9,"minecraft:dripstone_block":1,"minecraft:gravel":160,"colouredstuff:slab_planks_green":16,"colouredstuff:slab_planks_white":385},"minecraft:picked_up":{"colouredstuff:trapdoor_planks_gray":3,"minecraft:seagrass":3,"minecraft:wheat":188,"colouredstuff:log_green":108,"minecraft:stone_slab":2,"colouredstuff:log_purple":42,"colouredstuff:planks_brown":120,"mysticalagriculture:black_crop_seeds":3,"minecraft:string":51,"silentgear:sinew":11,"colouredstuff:slab_planks_purple":265,"craftingstation:crafting_station":3,"sf5_things:purple_apple":19,"colouredstuff:slab_planks_white":310,"minecraft:beetroot":17,"colouredstuff:log_yellow":12,"sf5_things:light_blue_apple":2,"colouredstuff:sapling_gray":27,"mysticalagriculture:inferium_essence":81,"mysticalagriculture:none_crop_seeds":36,"minecraft:red_dye":64,"thermal:eggplant":6,"exnihilocoloratus:brown_barrel":4,"colouredstuff:sapling_white":53,"minecraft:stick":538,"colouredstuff:leaves_brown":1645,"colouredstuff:log_orange":45,"create:andesite_casing":2,"mysticalagriculture:prosperity_shard":33,"mysticalagriculture:inferium_seeds":2,"checklist:task_table":2,"minecraft:vine":3,"sf5_things:brown_apple":190,"colouredstuff:log_pink":22,"create:large_cogwheel":2,"colouredstuff:planks_green":9,"colouredstuff:sapling_light_blue":9,"mysticalagriculture:none_crop_essence":1,"simplehats:chickenhead":1,"mysticalagriculture:black_crop_essence":17,"sf5_things:cyan_apple":21,"minecraft:blue_dye":22,"occultism:datura":4,"sf5_things:block_of_light_blue_dye":3,"supplementaries:ash":161,"cyclic:hopper":1,"silentgear:mattock":3,"minecraft:obsidian":1,"silentgear:template_board":288,"minecraft:cobblestone":27,"silentgear:sickle":2,"sf5_things:block_of_green_dye":7,"colouredstuff:planks_light_gray":1,"occultism:datura_seeds":14,"colouredstuff:sapling_orange":72,"minecraft:oxidized_copper":1,"colouredstuff:log_white":88,"colouredstuff:log_red":79,"chipped:etched_stone_bricks":121,"minecraft:magenta_dye":11,"thermal:onion":1,"minecraft:flint":18,"minecraft:light_gray_dye":10,"minecraft:dirt":26,"colouredstuff:leaves_purple":63,"immersiveengineering:hemp_fiber":170,"colouredstuff:sapling_green":61,"minecraft:wheat_seeds":115,"minecraft:orange_tulip":1,"obtrophies:trophy":4,"colouredstuff:log_light_blue":7,"minecraft:light_blue_dye":62,"sophisticatedstorage:chest":13,"create:shaft":1,"colouredstuff:log_stripped_green":5,"colouredstuff:sapling_light_gray":7,"create:cogwheel":4,"minecraft:sand":227,"sf5_things:magenta_apple":10,"colouredstuff:log_stripped_orange":12,"minecraft:lily_of_the_valley":1,"thermal:onion_seeds":2,"exnihilosequentia:silkworm":998,"colouredstuff:log_brown":396,"minecraft:clay":4,"colouredstuff:leaves_green":112,"thermal:eggplant_seeds":1,"colouredstuff:sapling_none":44,"colouredstuff:log_blue":44,"minecraft:cyan_dye":28,"lootbags:loot_bag":69,"colouredstuff:log_stripped_brown":47,"minecraft:cocoa_beans":1,"colouredstuff:sapling_brown":386,"exnihilocoloratus:green_barrel":1,"minecraft:clay_ball":4,"ars_nouveau:blue_archwood_sapling":2,"sf5_things:light_gray_apple":7,"exnihilocoloratus:brown_crucible":3,"colouredstuff:sapling_yellow":12,"colouredstuff:sapling_blue":56,"minecraft:cornflower":1,"colouredstuff:sapling_lime":65,"colouredstuff:log_cyan":61,"minecraft:blue_orchid":1,"colouredstuff:fence_planks_green":1,"sf5_things:none_apple":23,"minecraft:beef":31,"sf5_things:green_apple":31,"minecraft:iron_nugget":4,"minecraft:poppy":1,"minecraft:sugar_cane":19,"colouredstuff:log_magenta":53,"colouredstuff:sapling_red":116,"minecraft:orange_dye":26,"colouredstuff:slab_planks_brown":46,"simplehats:hatbag_common":3,"colouredstuff:stairs_planks_brown":36,"sf5_things:orange_apple":18,"sf5_things:block_of_purple_dye":4,"minecraft:gray_dye":19,"ars_nouveau:purple_archwood_sapling":6,"minecraft:white_dye":32,"minecraft:brown_dye":290,"sf5_things:block_of_light_gray_dye":22,"colouredstuff:planks_white":2,"additionallanterns:white_smooth_stone_lantern":3,"colouredstuff:leaves_lime":1,"minecraft:beetroot_seeds":30,"tintedcampfires:white_campfire":3,"colouredstuff:crafting_table_green":1,"exnihilosequentia:stone_barrel":2,"colouredstuff:sapling_purple":30,"colored_torches:brown_torch":1,"minecraft:purple_dye":15,"mysticalagriculture:fertilized_essence":2,"colouredstuff:dirt_green":1,"sf5_things:block_of_white_dye":10,"colouredstuff:trapdoor_planks_brown":11,"minecraft:leather":13,"minecraft:yellow_dye":8,"sf5_things:blue_apple":20,"forcecraft:force_gem":8,"colouredstuff:log_stripped_red":6,"colouredstuff:leaves_gray":212,"colouredstuff:trapdoor_planks_white":1,"sf5_things:block_of_blue_dye":13,"colouredstuff:log_gray":32,"sf5_things:yellow_apple":10,"colouredstuff:sapling_pink":51,"sf5_things:block_of_red_dye":9,"ars_nouveau:green_archwood_sapling":4,"colouredstuff:slab_planks_green":14,"minecraft:apple":68,"mcwbridges:balustrade_cobblestone_bridge":6,"mysticalagriculture:blue_crop_seeds":3,"sf5_things:lime_apple":41,"sf5_things:gray_apple":11,"colouredstuff:planks_lime":12,"minecraft:soul_sand":3,"sf5_things:block_of_gray_dye":1,"minecraft:green_dye":104,"create:large_water_wheel":2,"ars_nouveau:red_archwood_sapling":5,"minecraft:dandelion":1,"minecraft:dripstone_block":1,"minecraft:gravel":320,"colored_torches:white_torch":11,"colouredstuff:log_stripped_yellow":5,"minecraft:white_bed":2,"colouredstuff:log_none":54,"sf5_things:pink_apple":18,"sf5_things:white_apple":26,"minecraft:lime_dye":48,"immersiveengineering:seed":32,"colouredstuff:log_lime":94,"create:encased_fan":3,"colouredstuff:log_light_gray":12,"silentgear:axe":2,"mysticalagriculture:blue_crop_essence":15,"colouredstuff:sapling_cyan":69,"colouredstuff:sapling_magenta":26,"sf5_things:block_of_orange_dye":4,"minecraft:pink_dye":17},"minecraft:broken":{"woodenbucket:wooden_bucket":1},"minecraft:killed":{"minecraft:bee":1,"minecraft:zombie":12,"minecraft:cow":44},"minecraft:dropped":{"silentgear:axe":2,"silentgear:mattock":5,"colouredstuff:sapling_blue":4,"minecraft:sand":1,"mysticalagriculture:none_crop_seeds":2,"minecraft:gravel":160,"minecraft:beetroot":3,"minecraft:lime_dye":12,"silentgear:sword":1,"minecraft:white_dye":12,"minecraft:cobblestone":4,"minecraft:purple_dye":1,"colouredstuff:sapling_brown":1,"colouredstuff:slab_planks_brown":1,"minecraft:blue_dye":3,"minecraft:green_dye":6,"minecraft:red_dye":2,"mcwbridges:balustrade_cobblestone_bridge":7,"silentgear:pickaxe":1,"minecraft:brown_dye":1,"silentgear:sickle":3,"minecraft:light_blue_dye":95,"silentgear:katana":2,"minecraft:light_gray_dye":2},"minecraft:custom":{"minecraft:animals_bred":28,"minecraft:leave_game":2,"minecraft:time_since_death":377970,"minecraft:sprint_one_cm":554092,"minecraft:drop":113,"minecraft:play_time":644135,"minecraft:deaths":8,"minecraft:jump":1016,"minecraft:walk_on_water_one_cm":9991,"minecraft:interact_with_furnace":99,"minecraft:sleep_in_bed":2,"minecraft:damage_dealt":7427,"minecraft:crouch_one_cm":54353,"minecraft:mob_kills":59,"minecraft:interact_with_campfire":162,"minecraft:damage_dealt_resisted":0,"minecraft:climb_one_cm":2216,"minecraft:walk_one_cm":1683771,"gateways:gates_defeated":3,"minecraft:sneak_time":22757,"minecraft:walk_under_water_one_cm":1039,"minecraft:total_world_time":676171,"minecraft:interact_with_stonecutter":15,"minecraft:time_since_rest":230466,"minecraft:damage_taken":2927,"minecraft:use_wand":856,"minecraft:fly_one_cm":51660,"minecraft:open_chest":793,"minecraft:fall_one_cm":17367},"minecraft:used":{"colored_torches:brown_torch":2,"colouredstuff:fence_planks_green":54,"colouredstuff:trapdoor_planks_gray":16,"cyclic:hopper_fluid":2,"colouredstuff:sapling_green":20,"colouredstuff:sapling_cyan":10,"immersiveengineering:seed":4,"sf5_things:block_of_green_dye":1,"obtrophies:trophy":3,"colouredstuff:trapdoor_planks_brown":26,"constructionwand:iron_wand":143,"minecraft:soul_sand":3,"exnihilocoloratus:brown_crucible":4,"create:cogwheel":4,"mysticalagriculture:black_crop_seeds":4,"colored_torches:white_torch":39,"minecraft:milk_bucket":5,"mysticalagriculture:inferium_seeds":6,"sf5_things:none_apple":1,"minecraft:lava_bucket":1,"colouredstuff:slab_planks_brown":719,"create:shaft":1,"minecraft:furnace":3,"colouredstuff:leaves_purple":19,"sf5_things:brown_apple":4,"minecraft:beetroot_seeds":4,"colouredstuff:gate_planks_green":4,"colouredstuff:planks_brown":139,"colouredstuff:sapling_orange":18,"colouredstuff:sapling_brown":89,"occultism:datura_seeds":2,"exnihilocoloratus:brown_barrel":10,"exnihilosequentia:stone_barrel":2,"colouredstuff:stairs_planks_white":9,"minecraft:clay":1,"minecraft:sugar_cane":1,"minecraft:sand":112,"colouredstuff:sapling_lime":12,"minecraft:dripstone_block":7,"silentgear:mattock":1567,"additionallanterns:white_smooth_stone_lantern":4,"colouredstuff:slab_planks_none":28,"cyclic:generator_fuel":1,"sf5_things:green_apple":10,"colouredstuff:leaves_gray":1,"minecraft:string":3,"colouredstuff:stairs_planks_brown":39,"sf5_things:blue_apple":1,"minecraft:gravel":160,"sophisticatedstorage:chest":53,"colouredstuff:sapling_gray":5,"thermal:onion_seeds":1,"forbiddensmoothies:printer":1,"exnihilosequentia:stone_hammer":382,"exnihilosequentia:silkworm":40,"minecraft:bone_meal":14,"create:large_cogwheel":2,"colouredstuff:sapling_light_blue":1,"colouredstuff:sapling_yellow":2,"minecraft:flint_and_steel":3,"sf5_things:purple_apple":15,"sf5_things:block_of_red_dye":1,"colouredstuff:sapling_red":9,"colouredstuff:leaves_green":68,"gateways:gate_pearl":3,"thermal:eggplant_seeds":1,"minecraft:dirt":193,"exnihilosequentia:grass_seeds":21,"checklist:task_table":4,"colouredstuff:sapling_none":13,"sf5_things:pink_apple":1,"colouredstuff:planks_lime":12,"tintedcampfires:white_campfire":6,"colouredstuff:sapling_purple":7,"colouredstuff:slab_planks_green":57,"colouredstuff:slab_planks_white":521,"silentgear:shears":1934,"silentgear:pickaxe":160,"colouredstuff:planks_green":8,"colouredstuff:planks_white":14,"thermal:eggplant":1,"mysticalagriculture:blue_crop_seeds":3,"minecraft:pointed_dripstone":6,"exnihilosequentia:fired_crucible":1,"minecraft:wheat_seeds":58,"minecraft:water_bucket":1,"sf5_things:block_of_purple_dye":3,"colouredstuff:log_gray":5,"colouredstuff:log_brown":15,"colouredstuff:sapling_blue":10,"colouredstuff:sapling_white":19,"minecraft:copper_block":1,"sf5_things:white_apple":3,"minecraft:stonecutter":1,"colouredstuff:planks_light_gray":1,"mcwbridges:balustrade_cobblestone_bridge":6,"sf5_things:lime_apple":9,"create:encased_fan":3,"silentgear:sickle":2053,"silentgear:axe":1044,"minecraft:white_bed":3,"cyclic:hopper":7,"colouredstuff:log_stripped_brown":2,"colouredstuff:crafting_table_none":2,"minecraft:apple":2,"craftingstation:crafting_station":6,"silentgear:katana":143,"minecraft:stone_slab":2,"exnihilocoloratus:green_barrel":2,"minecraft:purple_dye":1,"create:large_water_wheel":2,"chipped:etched_stone_bricks":129,"minecraft:cobblestone":234,"colouredstuff:log_white":4,"colouredstuff:log_green":4,"colouredstuff:crafting_table_green":1,"minecraft:bucket":2,"colouredstuff:log_none":2,"mysticalagriculture:none_crop_seeds":2,"colouredstuff:log_stripped_green":3}},"DataVersion":3465}